{
  "results": {
    "csatqa_gr": {
      "acc": 0.2,
      "acc_stderr": 0.08164965809277261,
      "acc_norm": 0.2,
      "acc_norm_stderr": 0.08164965809277261
    },
    "csatqa_li": {
      "acc": 0.21621621621621623,
      "acc_stderr": 0.0686105685212965,
      "acc_norm": 0.21621621621621623,
      "acc_norm_stderr": 0.0686105685212965
    },
    "csatqa_rch": {
      "acc": 0.2571428571428571,
      "acc_stderr": 0.07495496847387484,
      "acc_norm": 0.2571428571428571,
      "acc_norm_stderr": 0.07495496847387484
    },
    "csatqa_rcs": {
      "acc": 0.32432432432432434,
      "acc_stderr": 0.07802030664724673,
      "acc_norm": 0.32432432432432434,
      "acc_norm_stderr": 0.07802030664724673
    },
    "csatqa_rcss": {
      "acc": 0.14285714285714285,
      "acc_stderr": 0.054649432548286116,
      "acc_norm": 0.14285714285714285,
      "acc_norm_stderr": 0.054649432548286116
    },
    "csatqa_wr": {
      "acc": 0.09090909090909091,
      "acc_stderr": 0.0909090909090909,
      "acc_norm": 0.09090909090909091,
      "acc_norm_stderr": 0.0909090909090909
    },
    "haerae_hi": {
      "acc": 0.5159574468085106,
      "acc_stderr": 0.03654499533330089,
      "acc_norm": 0.5,
      "acc_norm_stderr": 0.036563621206356534
    },
    "haerae_kgk": {
      "acc": 0.22727272727272727,
      "acc_stderr": 0.03167872965623497,
      "acc_norm": 0.23863636363636365,
      "acc_norm_stderr": 0.03222147017899509
    },
    "haerae_lw": {
      "acc": 0.8165680473372781,
      "acc_stderr": 0.029859260289399878,
      "acc_norm": 0.5976331360946746,
      "acc_norm_stderr": 0.03783326285416536
    },
    "haerae_rc": {
      "acc": 0.34451901565995524,
      "acc_stderr": 0.022501901439768414,
      "acc_norm": 0.3624161073825503,
      "acc_norm_stderr": 0.022761715186551748
    },
    "haerae_rw": {
      "acc": 0.43703703703703706,
      "acc_stderr": 0.02467790857269096,
      "acc_norm": 0.33827160493827163,
      "acc_norm_stderr": 0.023538672951837345
    },
    "haerae_sn": {
      "acc": 0.5424836601307189,
      "acc_stderr": 0.040408696515619416,
      "acc_norm": 0.477124183006536,
      "acc_norm_stderr": 0.04051288756914286
    },
    "kobest_boolq": {
      "acc": 0.5170940170940171,
      "acc_stderr": 0.013340964053138513,
      "macro_f1": 0.37904149586554736,
      "macro_f1_stderr": 0.009973597839248304
    },
    "kobest_copa": {
      "acc": 0.712,
      "acc_stderr": 0.01432694179723156,
      "macro_f1": 0.7112191365452183,
      "macro_f1_stderr": 0.014342005686904984
    },
    "kobest_hellaswag": {
      "acc": 0.44,
      "acc_stderr": 0.02222133153414305,
      "acc_norm": 0.556,
      "acc_norm_stderr": 0.022242244375731024,
      "macro_f1": 0.43655991330320587,
      "macro_f1_stderr": 0.022200262645497404
    },
    "kobest_sentineg": {
      "acc": 0.8287153652392947,
      "acc_stderr": 0.018932776390629232,
      "macro_f1": 0.8256072351421189,
      "macro_f1_stderr": 0.019278953816765157
    }
  },
  "versions": {
    "csatqa_gr": 0,
    "csatqa_li": 0,
    "csatqa_rch": 0,
    "csatqa_rcs": 0,
    "csatqa_rcss": 0,
    "csatqa_wr": 0,
    "haerae_hi": 0,
    "haerae_kgk": 0,
    "haerae_lw": 0,
    "haerae_rc": 0,
    "haerae_rw": 0,
    "haerae_sn": 0,
    "kobest_boolq": 0,
    "kobest_copa": 0,
    "kobest_hellaswag": 0,
    "kobest_sentineg": 0
  },
  "config": {
    "model": "hf-causal-experimental",
    "model_args": "pretrained=42dot/42dot_LLM-PLM-1.3B,peft=heegyu/42dot-1.3B-KOR-OpenOrca-Platypus-1e-5,dtype=float16,peft_revision=epoch-1,max_length=1024",
    "num_fewshot": 0,
    "batch_size": "4",
    "device": "cuda:0",
    "no_cache": true,
    "limit": null,
    "bootstrap_iters": 100000,
    "description_dict": {}
  }
}