{
  "results": {
    "csatqa_gr": {
      "acc": 0.2,
      "acc_stderr": 0.08164965809277261,
      "acc_norm": 0.2,
      "acc_norm_stderr": 0.08164965809277261
    },
    "csatqa_li": {
      "acc": 0.21621621621621623,
      "acc_stderr": 0.0686105685212965,
      "acc_norm": 0.21621621621621623,
      "acc_norm_stderr": 0.0686105685212965
    },
    "csatqa_rch": {
      "acc": 0.14285714285714285,
      "acc_stderr": 0.06001200360120041,
      "acc_norm": 0.14285714285714285,
      "acc_norm_stderr": 0.06001200360120041
    },
    "csatqa_rcs": {
      "acc": 0.32432432432432434,
      "acc_stderr": 0.07802030664724673,
      "acc_norm": 0.32432432432432434,
      "acc_norm_stderr": 0.07802030664724673
    },
    "csatqa_rcss": {
      "acc": 0.16666666666666666,
      "acc_stderr": 0.058202524647464844,
      "acc_norm": 0.16666666666666666,
      "acc_norm_stderr": 0.058202524647464844
    },
    "csatqa_wr": {
      "acc": 0.2727272727272727,
      "acc_stderr": 0.14083575804390605,
      "acc_norm": 0.2727272727272727,
      "acc_norm_stderr": 0.14083575804390605
    },
    "haerae_hi": {
      "acc": 0.4627659574468085,
      "acc_stderr": 0.0364620985602571,
      "acc_norm": 0.44148936170212766,
      "acc_norm_stderr": 0.036312407479129644
    },
    "haerae_kgk": {
      "acc": 0.24431818181818182,
      "acc_stderr": 0.03248092256353737,
      "acc_norm": 0.25,
      "acc_norm_stderr": 0.032732683535398856
    },
    "haerae_lw": {
      "acc": 0.7928994082840237,
      "acc_stderr": 0.03126403843027088,
      "acc_norm": 0.5621301775147929,
      "acc_norm_stderr": 0.038276861175393674
    },
    "haerae_rc": {
      "acc": 0.33557046979865773,
      "acc_stderr": 0.02235882113408943,
      "acc_norm": 0.3534675615212528,
      "acc_norm_stderr": 0.022636147352870773
    },
    "haerae_rw": {
      "acc": 0.3333333333333333,
      "acc_stderr": 0.02345325149100978,
      "acc_norm": 0.254320987654321,
      "acc_norm_stderr": 0.021665882227711864
    },
    "haerae_sn": {
      "acc": 0.5098039215686274,
      "acc_stderr": 0.04054755842492702,
      "acc_norm": 0.45751633986928103,
      "acc_norm_stderr": 0.040408696515619416
    },
    "kobest_boolq": {
      "acc": 0.5270655270655271,
      "acc_stderr": 0.013329196065175122,
      "macro_f1": 0.5094577102385739,
      "macro_f1_stderr": 0.013355771986945255
    },
    "kobest_copa": {
      "acc": 0.714,
      "acc_stderr": 0.014297146862517908,
      "macro_f1": 0.7132832080200502,
      "macro_f1_stderr": 0.014287468127307173
    },
    "kobest_hellaswag": {
      "acc": 0.436,
      "acc_stderr": 0.022198954641476802,
      "acc_norm": 0.536,
      "acc_norm_stderr": 0.022324981738385246,
      "macro_f1": 0.43170016611544665,
      "macro_f1_stderr": 0.022073772223219747
    },
    "kobest_sentineg": {
      "acc": 0.6196473551637279,
      "acc_stderr": 0.02439596083486719,
      "macro_f1": 0.5582550385026344,
      "macro_f1_stderr": 0.025723506246206652
    }
  },
  "versions": {
    "csatqa_gr": 0,
    "csatqa_li": 0,
    "csatqa_rch": 0,
    "csatqa_rcs": 0,
    "csatqa_rcss": 0,
    "csatqa_wr": 0,
    "haerae_hi": 0,
    "haerae_kgk": 0,
    "haerae_lw": 0,
    "haerae_rc": 0,
    "haerae_rw": 0,
    "haerae_sn": 0,
    "kobest_boolq": 0,
    "kobest_copa": 0,
    "kobest_hellaswag": 0,
    "kobest_sentineg": 0
  },
  "config": {
    "model": "hf-causal-experimental",
    "model_args": "pretrained=42dot/42dot_LLM-PLM-1.3B,dtype=float16,max_length=1024,peft=heegyu/42dot-1.3B-KOR-OpenOrca-Platypus-5e-5,peft_revision=epoch-3",
    "num_fewshot": 0,
    "batch_size": "4",
    "device": "cuda:0",
    "no_cache": true,
    "limit": null,
    "bootstrap_iters": 100000,
    "description_dict": {}
  }
}